{"cameraMode":{"drawMode":0,"name":"Shaded","section":"Shading Mode"},"sceneLighting":true,"audioPlay":false,"sceneViewState":{"showFog":true,"showMaterialUpdate":false,"showSkybox":true,"showFlares":true,"showImageEffects":true,"showParticleSystems":true},"in2DMode":false,"pivot":{"x":-1.5304856300354005,"y":0.04082384705543518,"z":1.1765557527542115},"rotation":{"x":-0.05882764980196953,"y":0.9369344711303711,"z":-0.28522413969039919,"w":-0.1932438164949417},"size":22.0,"orthographic":true}